上位のクエリ,クリック数,表示回数,CTR,掲載順位
django 年収,6,13,46.15%,19.62
dynamodb 転職,3,12,25%,11.75
nginx 転職,2,42,4.76%,27.6
fortran 転職,2,36,5.56%,25.33
angular 転職,0,49,0%,61.88
apache 転職,0,46,0%,55.48
求人 fortran,0,35,0%,39.46
nginx 求人,0,35,0%,43.51
fortran 求人,0,32,0%,51.44
転職 fortran,0,31,0%,25.65
hadoop 転職,0,30,0%,41
cobol 年収,0,25,0%,42.8
javascript 年収,0,21,0%,44.19
ウォーターフォール 転職,0,20,0%,30.3
mathworks 年収,0,19,0%,35.21
flask 転職,0,16,0%,61
visual basic 転職,0,14,0%,34.57
dynamodb 求人,0,14,0%,35.86
cakephp 転職,0,14,0%,62.29
flask 求人,0,14,0%,78.79
ウォーターフォール 募集,0,13,0%,63.23
json 転職,0,12,0%,44.75
visual basic 求人,0,12,0%,61.42
lisp 求人,0,11,0%,48.09
転職 nginx,0,10,0%,27.4
転職 json,0,7,0%,46.86
cobol 転職,0,7,0%,51.14
react 年収,0,6,0%,34.67
求人 lisp,0,6,0%,58.17
postgresql 転職,0,5,0%,50.2
javascript エンジニア 年収,0,5,0%,80.6
rails 年収,0,4,0%,28.5
nutanics,0,4,0%,70
aws 年収,0,3,0%,48.67
cobol 給与,0,3,0%,52.33
転職 flask,0,3,0%,73.33
django 企業,0,3,0%,73.67
gcp 年収,0,2,0%,24.5
mysql 年収,0,2,0%,34.5
tomcat 転職,0,2,0%,38
rust 転職,0,2,0%,46
cobol 給料,0,2,0%,60
f5ネットワークス 年収,0,2,0%,64.5
django 採用,0,2,0%,67
amazon aws 年収,0,2,0%,74.5
クバネティス,0,2,0%,97
株式会社wetec 口コミ,0,1,0%,22
postgresql 未経験 転職,0,1,0%,26
バリューアークコンサルティング 転職,0,1,0%,29
竜製作所 年収,0,1,0%,29
visualbasic 転職,0,1,0%,30
wetec スコア,0,1,0%,30
javascript年収,0,1,0%,31
morgan mckinley 年収,0,1,0%,32
cobol年収,0,1,0%,34
ddreams サポートデスク,0,1,0%,39
アイスリーデザイン 年収,0,1,0%,42
転職 cobol,0,1,0%,56
react 転職,0,1,0%,58
c言語 採用,0,1,0%,61
バリューアークコンサルティング株式会社,0,1,0%,61
tomcat 求人,0,1,0%,62
バリューアークコンサルティング,0,1,0%,64
django 求人,0,1,0%,65
iso gcp,0,1,0%,65
oracle 転職,0,1,0%,70
django 転職,0,1,0%,71
oracle 年収,0,1,0%,78
swift 年収,0,1,0%,78
react vue トレンド,0,1,0%,81
json 求人,0,1,0%,84
cakephp 採用,0,1,0%,89
神奈川県 株式会社angular,0,1,0%,91
javascript 採用,0,1,0%,93