上位のページ,クリック数,表示回数,CTR,掲載順位
https://flamevalue.short-tips.info/,57,142,40.14%,1.2
https://flamevalue.short-tips.info/React,11,52,21.15%,10.62
https://flamevalue.short-tips.info/FORTRAN,9,149,6.04%,32.68
https://flamevalue.short-tips.info/Django,8,34,23.53%,35.41
https://flamevalue.short-tips.info/Nginx,3,110,2.73%,34.73
https://flamevalue.short-tips.info/Apache,3,52,5.77%,49.69
https://flamevalue.short-tips.info/DynamoDB,3,44,6.82%,24.2
https://flamevalue.short-tips.info/Laravel,3,14,21.43%,3.14
https://flamevalue.short-tips.info/WordPress?active=comments,3,7,42.86%,2
https://flamevalue.short-tips.info/Ruby on Rails,2,26,7.69%,26.35
https://flamevalue.short-tips.info/kubernetes?active=comments,2,25,8%,9.68
https://flamevalue.short-tips.info/Microsoft Azure,2,12,16.67%,15.92
https://flamevalue.short-tips.info/JQuery,2,7,28.57%,3.29
https://flamevalue.short-tips.info/Subversion,2,5,40%,2.2
https://flamevalue.short-tips.info/AWS（IT）?active=comments,2,4,50%,5
https://flamevalue.short-tips.info/ウォーターフォール開発,1,62,1.61%,42.55
https://flamevalue.short-tips.info/Javascript,1,33,3.03%,47.82
https://flamevalue.short-tips.info/Virtual Box?active=comments,1,14,7.14%,7.21
https://flamevalue.short-tips.info/Flutter?active=comments,1,8,12.5%,2
https://flamevalue.short-tips.info/GitLab,1,7,14.29%,2.71
https://flamevalue.short-tips.info/Powershell?active=comments,1,5,20%,5.6
https://flamevalue.short-tips.info/scikit-learn,1,4,25%,6.25
https://flamevalue.short-tips.info/PHP言語,1,3,33.33%,7
https://flamevalue.short-tips.info/Markdown,1,2,50%,2.5
https://flamevalue.short-tips.info/Scala?active=jobs,1,2,50%,3
https://flamevalue.short-tips.info/Oracle Database?active=comments,1,2,50%,7
https://flamevalue.short-tips.info/Vim?active=comments,1,1,100%,1
https://flamevalue.short-tips.info/Github?active=jobs,1,1,100%,2
https://flamevalue.short-tips.info/Bootstrap,1,1,100%,5
https://flamevalue.short-tips.info/Jenkins,1,1,100%,11
https://flamevalue.short-tips.info/Redis,1,1,100%,14
https://flamevalue.short-tips.info/Angular,0,64,0%,60.33
https://flamevalue.short-tips.info/Hadoop,0,46,0%,37.67
https://flamevalue.short-tips.info/COBOL,0,44,0%,44.2
https://flamevalue.short-tips.info/Flask,0,36,0%,70.36
https://flamevalue.short-tips.info/CakePHP,0,31,0%,53.55
https://flamevalue.short-tips.info/VisualBasic,0,30,0%,43.53
https://flamevalue.short-tips.info/Simulink,0,29,0%,34.1
https://flamevalue.short-tips.info/Swift言語.json,0,21,0%,49.05
https://flamevalue.short-tips.info/Lisp?active=comments,0,20,0%,49.35
https://flamevalue.short-tips.info/SIer,0,12,0%,1
https://flamevalue.short-tips.info/MySQL,0,12,0%,27.75
https://flamevalue.short-tips.info/PostgreSQL,0,12,0%,36.75
https://flamevalue.short-tips.info/Oracle Database,0,12,0%,47.92
https://flamevalue.short-tips.info/Redux,0,10,0%,31.1
https://flamevalue.short-tips.info/Apache Tomcat,0,10,0%,42.7
https://flamevalue.short-tips.info/ペアプログラミング,0,8,0%,21.88
https://flamevalue.short-tips.info/AWS（IT）,0,8,0%,35
https://flamevalue.short-tips.info/MacOS,0,7,0%,42.71
https://flamevalue.short-tips.info/Virtual Box?active=jobs,0,6,0%,3.17
https://flamevalue.short-tips.info/XCode?active=comments,0,6,0%,4.83
https://flamevalue.short-tips.info/Vue,0,6,0%,13.5
https://flamevalue.short-tips.info/Flutter,0,5,0%,5.4
https://flamevalue.short-tips.info/Swift言語,0,5,0%,38.8
https://flamevalue.short-tips.info/Django?active=comments,0,4,0%,10
https://flamevalue.short-tips.info/Scala?active=comments,0,4,0%,25.25
https://flamevalue.short-tips.info/GCP,0,4,0%,41.25
https://flamevalue.short-tips.info/CloudWatch?active=comments,0,3,0%,2
https://flamevalue.short-tips.info/Visual Studio?active=comments,0,3,0%,2
https://flamevalue.short-tips.info/Backbone?active=jobs,0,3,0%,9
https://flamevalue.short-tips.info/TypeScript,0,3,0%,24
https://flamevalue.short-tips.info/Rust(IT),0,3,0%,42
https://flamevalue.short-tips.info/Azure(IT),0,3,0%,42.33
https://flamevalue.short-tips.info/Android OS,0,2,0%,2
https://flamevalue.short-tips.info/PHP言語?active=jobs,0,2,0%,3.5
https://flamevalue.short-tips.info/Python?active=comments,0,2,0%,4
https://flamevalue.short-tips.info/NIL言語,0,2,0%,6
https://flamevalue.short-tips.info/Go言語,0,2,0%,8.5
https://flamevalue.short-tips.info/ウォーターフォール開発?active=comments,0,2,0%,10.5
https://flamevalue.short-tips.info/Heroku?active=comments,0,2,0%,15.5
https://flamevalue.short-tips.info/Databricks,0,2,0%,17.5
https://flamevalue.short-tips.info/MariaDB?active=comments,0,2,0%,39.5
https://flamevalue.short-tips.info/Ansible?active=comments,0,2,0%,49
https://flamevalue.short-tips.info/Github?active=comments,0,1,0%,1
https://flamevalue.short-tips.info/Nginx?active=jobs,0,1,0%,1
https://flamevalue.short-tips.info/Oracle Database?active=jobs,0,1,0%,1
https://flamevalue.short-tips.info/Python,0,1,0%,1
https://flamevalue.short-tips.info/Scala,0,1,0%,1
https://flamevalue.short-tips.info/Java?active=comments,0,1,0%,2
https://flamevalue.short-tips.info/Python?active=jobs,0,1,0%,2
https://flamevalue.short-tips.info/Swift言語?active=comments,0,1,0%,2
https://flamevalue.short-tips.info/Visual Studio?active=jobs,0,1,0%,3
https://flamevalue.short-tips.info/Sphinx?active=jobs,0,1,0%,4
https://flamevalue.short-tips.info/UNIX?active=comments,0,1,0%,5
https://flamevalue.short-tips.info/C 言語,0,1,0%,6
https://flamevalue.short-tips.info/Sphinx?active=comments,0,1,0%,6
https://flamevalue.short-tips.info/Vue?active=jobs,0,1,0%,7
https://flamevalue.short-tips.info/Vue?active=comments,0,1,0%,8
https://flamevalue.short-tips.info/Angular?active=comments,0,1,0%,9
https://flamevalue.short-tips.info/Flask?active=jobs,0,1,0%,9
https://flamevalue.short-tips.info/DynamoDB?active=jobs,0,1,0%,10
https://flamevalue.short-tips.info/Microsoft Azure?active=jobs,0,1,0%,10
https://flamevalue.short-tips.info/Docker?active=comments,0,1,0%,11
https://flamevalue.short-tips.info/Heroku,0,1,0%,12
https://flamevalue.short-tips.info/GCP?active=comments,0,1,0%,14
https://flamevalue.short-tips.info/kubernetes,0,1,0%,15
https://flamevalue.short-tips.info/Flutter?active=jobs,0,1,0%,16
https://flamevalue.short-tips.info/XCode,0,1,0%,16
https://flamevalue.short-tips.info/CloudWatch,0,1,0%,17
https://flamevalue.short-tips.info/Powershell,0,1,0%,18
https://flamevalue.short-tips.info/TypeScript?active=comments,0,1,0%,19
https://flamevalue.short-tips.info/Julia言語,0,1,0%,20
https://flamevalue.short-tips.info/NIL言語?active=comments,0,1,0%,27
https://flamevalue.short-tips.info/Hadoop?active=comments,0,1,0%,28
https://flamevalue.short-tips.info/C＃言語?active=comments,0,1,0%,30
https://flamevalue.short-tips.info/C＃言語,0,1,0%,61
https://flamevalue.short-tips.info/Amazon Web Services,0,1,0%,66